Mach,Dynamic_Pressure_kPa,Regime,CL,AoA_deg,CD_Total,CD_Friction,CD_Wave,L_D_Ratio,Thrust_Required_kN
0.7,7.762673412104953,Transonic,0.330687078826969,3.8770772937143145,0.014611787691245185,0.008663660298693778,0.0,22.631527764744614,212.19349723593962
0.7177257525083611,8.160791715460775,Transonic,0.3145547495929233,3.6879368906785808,0.014238614395878302,0.008854397945231525,0.0,22.091668532296126,213.37341562403364
0.7354515050167224,8.568865324349915,Transonic,0.29957476251168835,3.512306902416538,0.013954202891466937,0.009068525929433314,0.0,21.468425308254602,214.80937675325941
0.7531772575250836,8.986894238772363,Transonic,0.28563992479869543,3.348930567664409,0.013753646514168254,0.00931003090285302,0.0,20.76830493676312,216.52525038155844
0.7709030100334447,9.414878458728127,Transonic,0.2726552239404638,3.19669393041296,0.013634498329438766,0.009583978610084023,0.0,19.997451857232143,218.5534454725231
0.788628762541806,9.852817984217209,Transonic,0.26053620381993814,3.0546068011001677,0.013596930880909628,0.009896913312605782,0.0,19.16139797295994,220.93766502482097
0.8063545150501672,10.300712815239601,Transonic,0.24920758791944406,2.9217866146180747,0.013644139267223389,0.010257454724166646,0.0,18.264808284250115,223.7370669573491
0.8240802675585284,10.758562951795305,Transonic,0.23860210755270092,2.797444692143542,0.013784772449031285,0.010677219104024293,1.6677850306925317e-06,17.309107454252427,227.0403516007169
0.8418060200668895,11.226368393884325,Transonic,0.22865950095982723,2.680874506219419,0.014165841632510431,0.01117229512666333,0.00013990011644604217,16.141610706352704,231.60647835981518
0.8595317725752508,11.704129141506659,Transonic,0.21932565537347767,2.571441622073357,0.014884591072683737,0.01176571776738397,0.0004923252029069692,14.735081017844355,238.06842449623608
0.877257525083612,12.191845194662305,Transonic,0.2105518691838893,2.468575047013264,0.015951528841248046,0.0124918494625987,0.00103803926400585,13.19947895147433,246.69588935895302
0.8949832775919733,12.68951655335127,Transonic,0.202294215366213,2.3717597670530264,0.01738573209894951,0.013404690086505827,0.0017446737557973223,11.635645494528019,257.82235058079243
0.9127090301003344,13.197143217573545,Transonic,0.1945129905931826,2.280530288139552,0.019233924501144306,0.014595094179708558,0.002570315282180116,10.113016227219267,271.9619405434606
0.9304347826086956,13.714725187329131,Transonic,0.18717223710092287,2.194465030360048,0.021613072825662355,0.01623093131539605,0.0034659916506913396,8.660140027783708,290.0893948126221
0.9481605351170568,14.242262462618033,Transonic,0.18023932653077188,2.1131814487752076,0.024824187788366227,0.018668023831361694,0.004378576614525836,7.260633381739097,314.41083959814245
0.965886287625418,14.779755043440247,Transonic,0.17368459673329262,2.0363317751974357,0.029755657965429207,0.022850364589772,0.005253941008592496,5.837027597745722,351.11686123988386
0.9836120401337792,15.327202929795783,Transonic,0.16748103396912287,1.9635992922156043,0.04031513202109453,0.03273881804140849,0.006040163372776295,4.154297048599268,426.94652192871706
1.0013377926421405,15.88460612168463,Transonic,0.1616039941357088,1.8946950647713057,0.12191995899350981,0.11379850573155922,0.0066906096271441015,1.325492523700008,988.3071322450371
1.0190635451505017,16.451964619106786,Transonic,0.15603095763745548,1.829355066180901,0.038442472172645493,0.02994134522232941,0.007166699130899871,4.058816949563468,433.13422800001007
1.0367892976588629,17.02927842206226,Transonic,0.15074131333780255,1.7673376451230294,0.03009490688174663,0.0214086974402624,0.007440193058763542,5.008864587291054,382.0695669589948
1.054515050167224,17.61654753055104,Transonic,0.14571616771589252,1.7084212881325294,0.04105199881447192,0.01747050082785011,0.02241667388580525,3.5495511040627745,471.7607388027369
1.0722408026755852,18.21377194457314,Transonic,0.14093817592251226,1.6524026388481985,0.03555705347678034,0.015077129432257388,0.019389769822239295,3.963719210157514,439.59347175150225
1.0899665551839464,18.820951664128547,Transonic,0.1363913919097579,1.5990947408867633,0.03174546498111765,0.013422973147533233,0.017301104580979488,4.296405549292919,418.2462852184429
1.1076923076923078,19.438086689217286,Transonic,0.13206113521248697,1.548325475947542,0.028894749080740786,0.012190130528045457,0.01574664723923844,4.570419865681051,402.9978347434852
1.125418060200669,20.06517701983933,Transonic,0.12793387230018677,1.4999361727451597,0.026654362869168172,0.01122440675781216,0.014530542276450894,4.799734772432747,391.5750293942359
1.14314381270903,20.702222655994674,Transonic,0.12399711070605476,1.4537803657462351,0.024830778252084983,0.010440719438325616,0.013544784434942525,4.993686039447556,382.7326738270905
1.1608695652173913,21.34922359768335,Transonic,0.12023930438460158,1.4097226855527323,0.023307176655914027,0.009787749724785208,0.012724268506254046,5.158896170038327,375.7250225729061
1.1785953177257524,22.006179844905326,Transonic,0.11664976895710774,1.3676378652135577,0.022008256205079242,0.00923244959705847,0.01202709463020127,5.300273127963059,370.0751660025251
1.1963210702341138,22.67309139766063,Transonic,0.11321860568169487,1.3274098488262274,0.020882963427395894,0.008752439514583064,0.011424907035755149,5.421577549341771,365.4623457287427
1.2140468227424748,23.349958255949225,Supersonic,0.10993663313649518,17.702558845459638,0.05887505890400283,0.002644196836472108,0.056230862067530724,1.8672870173386908,749.1077498750211
1.2317725752508362,24.03678041977116,Supersonic,0.10679532573444402,17.5111523444646,0.057111236617095676,0.0026284325443433876,0.054482804072752286,1.8699529560260986,748.2734499091308
1.2494983277591973,24.733557889126402,Supersonic,0.10378675829995743,17.32450620170383,0.055424555052992985,0.0026127972451128155,0.052811757807880166,1.872577203384384,747.4545172651486
1.2672240802675585,25.44029066401495,Supersonic,0.10090355603396413,17.14243697871171,0.05381065570829916,0.002597288113652374,0.051213367594646786,1.8751593844339993,746.650949333087
1.2849498327759197,26.156978744436813,Supersonic,0.0981388492768008,16.96477074302983,0.05226547913423718,0.0025819024954006355,0.049683576638836546,1.877699217579997,745.8627159921357
1.3026755852842808,26.883622130391988,Supersonic,0.0954862325502913,16.791342452733392,0.050785240937951275,0.002566637894584855,0.04821860304336642,1.8801965056531897,745.0897627845729
1.3204013377926422,27.620220821880487,Supersonic,0.09293972742257008,16.62199538854762,0.04936640997892106,0.0025514919632881193,0.04681491801563294,1.8826511278064246,744.3320137588004
1.3381270903010032,28.366774818902282,Supersonic,0.09049374879326177,16.45658062929197,0.04800568853595582,0.0025364624912936934,0.04546922604466212,1.8850630321755053,743.5893740176595
1.3558528428093646,29.12328412145741,Supersonic,0.08814307424365801,16.29495656682201,0.04669999424554165,0.002521547396645015,0.04417844684889664,1.887432229225014,742.8617320039201
1.3735785953177257,29.889748729545854,Supersonic,0.08588281613753701,16.136988457023005,0.045446443634518274,0.0025067447168654355,0.04293969891765284,1.8897587857084992,742.1489615511335
1.391304347826087,30.66616864316759,Supersonic,0.0837083961940807,15.982548003749649,0.044242337089564925,0.0024920526007868736,0.04175028448877805,1.892042819180642,741.4509237247813
1.409030100334448,31.45254386232266,Supersonic,0.0816155222856814,15.83151297290988,0.04308514512314124,0.0024774693009410364,0.0406076758222002,1.8942844930060434,740.7674684758159
1.4267558528428093,32.24887438701103,Supersonic,0.0796001672408973,15.68376683416091,0.04197249581065408,0.0024629931664709812,0.0395095026441831,1.896484011815471,740.0984361261933
1.4444816053511706,33.055160217232725,Supersonic,0.07765854945693164,15.539198427926635,0.04090216328696855,0.0024486226365244,0.03845354065044415,1.8986416173658396,739.4436587038032
1.4622073578595316,33.87140135298771,Supersonic,0.07578711514722543,15.397701655661383,0.039872057202179303,0.0024343562340933263,0.03743770096808598,1.9007575847649791,738.8029611422717
1.479933110367893,34.69759779427604,Supersonic,0.07398252206843667,15.259175191477537,0.038880213046997125,0.0024201925602679256,0.0364600204867292,1.9028322190263984,738.1761623594218
1.4976588628762542,35.53374954109768,Supersonic,0.07224162458757143,15.123522213427922,0.03792478326735816,0.0024061302888747182,0.035518652978483445,1.9048658519230024,737.5630762266702
1.5153846153846153,36.379856593452615,Supersonic,0.0705614599645992,14.990650152888577,0.03700402909607178,0.00239216816147199,0.034611860934599795,1.9068588391119212,736.9635124403242
1.5331103678929767,37.235918951340885,Supersonic,0.06893923573878462,14.860470460627333,0.0361163130366172,0.0023783049826773617,0.03373800805393984,1.908811557505587,736.3772773045581
1.5508361204013377,38.101936614762444,Supersonic,0.06737231811839682,14.732898388269014,0.035260091940689936,0.002364539615804474,0.03289555232488546,1.9107244028666177,735.8041744348388
1.568561872909699,38.977909583717334,Supersonic,0.06585822128360404,14.607852783981023,0.034433910626876896,0.0023508709787875394,0.032083039648089354,1.9125977876064808,735.244005389619
1.5862876254180602,39.86383785820554,Supersonic,0.06439459752138176,14.48525590130534,0.03363639599299748,0.0023372980403741817,0.0312990979526233,1.9144321387697898,734.6965702373312
1.6040133779264214,40.759721438227054,Supersonic,0.06297922811928879,14.365033220154757,0.03286625157924891,0.002323819816568448,0.030542431762680462,1.9162278961879728,734.1616680649707
1.6217391304347826,41.66556032378188,Supersonic,0.06161001495212258,14.247113279074792,0.03212225254341157,0.0023104353673072788,0.029811817176104292,1.9179855107875707,733.6390974339289
1.6394648829431437,42.581354514870014,Supersonic,0.06028497270185072,14.131427517947891,0.031403241013052405,0.002297143793354941,0.029106097219697463,1.9197054430399063,733.1286567881455
1.6571906354515051,43.50710401149148,Supersonic,0.05900222165692169,14.017910130385,0.030708121782965912,0.0022839442334010706,0.028424177549564843,1.9213881615400779,732.6301448191592
1.674916387959866,44.44280881364623,Supersonic,0.057759981042164926,13.906497925111527,0.030035858329052548,0.0022708358613490265,0.027765022467703522,1.9230341417044134,732.1433607921581
1.6926421404682275,45.38846892133433,Supersonic,0.0565565628350634,13.797130195711103,0.029385469112494005,0.0022578178837821964,0.02712765122871181,1.9246438645764852,731.6681048367452
1.7103678929765886,46.34408433455573,Supersonic,0.05539036602828534,13.689748598141653,0.02875602415047458,0.0022448895375967886,0.02651113461287779,1.9262178157327496,731.2041782057479
1.7280936454849498,47.309655053310436,Supersonic,0.054259871302044994,13.584297035484957,0.028146641831849655,0.0022320500877904144,0.025914591744059242,1.927756484279649,730.7513835050954
1.745819397993311,48.28518107759847,Supersonic,0.0531636360731743,13.480721549433348,0.02755648595810016,0.002219298825396557,0.025337187132703602,1.9292603619347546,730.3095248974815
1.7635451505016722,49.2706624074198,Supersonic,0.05210028989076862,13.37897021805583,0.026984762991659413,0.0022066350655556436,0.02477812792610377,1.9307299421852266,729.878408282271
1.7812709030100335,50.266099042774464,Supersonic,0.051068530150953986,13.278993059421333,0.0264307194952769,0.0021940581457141175,0.024236661349562785,1.9321657195173894,729.4578414538803
1.7989966555183947,51.271490983662424,Supersonic,0.05006711810574696,13.180741940689057,0.02589363974750855,0.0021815674239434447,0.023712072323565106,1.9335681887118379,729.0476342406406
1.8167224080267559,52.28683823008369,Supersonic,0.04909487514316389,13.084170492305367,0.025372843520712583,0.0021691622773715594,0.023203681243341025,1.93493784419891,728.6475986259691
1.834448160535117,53.31214078203829,Supersonic,0.04815067931771436,12.989234026973813,0.024867684009097536,0.002156842100719701,0.022710841908377834,1.93627517946983,728.2575488535031
1.8521739130434782,54.3473986395262,Supersonic,0.04723346211220141,12.895889463089553,0.024377545895426327,0.0021446063049381132,0.022232939590488214,1.937580686539217,727.8773015176932
1.8698996655518394,55.39261180254742,Supersonic,0.04634220541337092,12.80409525235212,0.023901843545939605,0.002132454315934437,0.021769389230005168,1.9388548554550067,727.5066756412165
1.8876254180602006,56.44778027110196,Supersonic,0.045475938685421304,12.713811311291451,0.02344001932393265,0.002120385573389067,0.021319633750543583,1.9400981738521696,727.1454927404443
1.905351170568562,57.51290404518981,Supersonic,0.044633736326716814,12.624998956461077,0.02299154201321101,0.0021083995296520865,0.020883142483558922,1.9413111265468899,726.7935768800868
1.9230769230769231,58.587983124810975,Supersonic,0.04381471519625807,12.537620843070098,0.02255590534336982,0.0020964956487167278,0.020459409694653093,1.9424941951681471,726.4507547180349
1.9408026755852843,59.67301750996543,Supersonic,0.043018032297563534,12.451640906841675,0.02213262660949633,0.002084673405264643,0.020047953204231687,1.9436478578238885,726.1168555413237
1.9585284280936455,60.76800720065323,Supersonic,0.04224288260861667,12.367024308900696,0.021721245379491716,0.0020729322837785436,0.019648313095713174,1.9447725887991958,725.7917112940644
1.9762541806020066,61.87295219687433,Supersonic,0.041488497047445665,12.283737383507049,0.021321322282752322,0.0020612717777180422,0.01926005050503428,1.945868858284056,725.4751565981101
1.9939799331103678,62.98785249862876,Supersonic,0.04075414056373251,12.201747588463492,0.020932437874445972,0.0020496913887548002,0.018882746485691174,1.9469371321285325,725.1670287671568
2.011705685618729,64.1127081059165,Supersonic,0.04003911034760792,12.121023458038954,0.020554191570072808,0.0020381906260632967,0.01851600094400951,1.9479778716232958,724.8671678149151
2.0294314381270904,65.24751901873753,Supersonic,0.03934273414747894,12.0415345582587,0.020186200645413255,0.0020267690056637857,0.01815943163974947,1.9489915333036418,724.5754164579325
2.0471571906354518,66.3922852370919,Supersonic,0.03866436868937043,11.963251444422983,0.019828099297345074,0.002015426049814193,0.017812673247530882,1.9499785687752473,724.2916201135986
2.0648829431438127,67.54700676097956,Supersonic,0.03800339819083851,11.886145620724829,0.019479537761357385,0.0020041612864479057,0.01747537647490948,1.9509394245600589,724.015626893812
2.0826086956521737,68.71168359040054,Supersonic,0.03735923296304437,11.810189501846253,0.019140181481907104,0.0019929742486545954,0.01714720723325251,1.9518745419608188,723.7472875947531
2.100334448160535,69.88631572535485,Supersonic,0.03673130809506174,11.735356376420105,0.01880971033205408,0.0019818644742013725,0.016827845857852707,1.9527843569428625,723.4864556831586
2.1180602006688964,71.07090316584247,Supersonic,0.03611908221493527,11.661620372252013,0.018487817879078036,0.0019708315050917507,0.016516986373986284,1.9536693000318803,723.2329872794727
2.1357859531772574,72.2654459118634,Supersonic,0.03552203632241554,11.588956423203735,0.01817421069302515,0.0019598748871600172,0.016214335805865135,1.9545297962264787,722.9867411382003
2.153511705685619,73.46994396341763,Supersonic,0.03493967268867039,11.517340237645504,0.01786860769535715,0.0019489941696987784,0.01591961352565837,1.9553662649244274,722.7475786257758
2.17123745819398,74.6843973205052,Supersonic,0.034371513818616195,11.446748268390834,0.017570739545082426,0.0019381889051175631,0.01563255063996486,1.9561791198615686,722.5153636962195
2.188963210702341,75.90880598312604,Supersonic,0.033817101471829175,11.377157684032655,0.017280348059938926,0.0019274586486304934,0.015352889411308433,1.9569687690624384,722.2899628648411
2.206688963210702,77.14316995128023,Supersonic,0.03327599573828721,11.308546341604709,0.01699718567037334,0.0019168029579711456,0.015080382712402196,1.9577356148017124,722.0712451802198
2.2244147157190635,78.38748922496774,Supersonic,0.03274777416546121,11.240892760496905,0.01672101490422258,0.001906221393132848,0.014814793511089733,1.9584800535756575,721.8590821946741
2.242140468227425,79.64176380418856,Supersonic,0.03223203093352086,11.17417609755757,0.016451607900151727,0.0018957135161327475,0.014555894384018981,1.9592024760828146,721.6533479334154
2.259866220735786,80.90599368894267,Supersonic,0.03172837607564788,11.108376123319761,0.01618874594803986,0.0018852788907980764,0.014303467057241784,1.9599032672132066,721.4539188625617
2.277591973244147,82.18017887923013,Supersonic,0.03123643474065915,11.043473199292494,0.015932219054631283,0.0018749170825731604,0.014057301972058124,1.96058280604541,721.2606738561715
2.2953177257525086,83.46431937505088,Supersonic,0.030755846495336043,10.979448256261334,0.015681825532886634,0.0018646276583457674,0.013817197874540865,1.961241465850861,721.0734941624465
2.3130434782608695,84.75841517640491,Supersonic,0.03028626466403508,10.916282773546087,0.01543737161357589,0.0018544101862914973,0.013582961427284393,1.9618796141048271,720.8922633692381
2.3307692307692305,86.06246628329231,Supersonic,0.029827355703320263,10.8539587591664,0.015198671077754978,0.0018442642357349855,0.013354406842019993,1.962497612503508,720.7168673689754
2.3484949832775923,87.37647269571303,Supersonic,0.029378798609510735,10.792458730869003,0.014965544908860106,0.0018341893770267557,0.01313135553183335,1.9630958169867572,720.5471943231339
2.3662207357859533,88.70043441366701,Supersonic,0.028940284357178298,10.731765697972941,0.014737820963238757,0.001824185181434641,0.012913635781804116,1.963674577765968,720.3831346263372
2.383946488294314,90.03435143715434,Supersonic,0.028511515366760783,10.671863143991715,0.014515333658015663,0.0018142512210487355,0.012701082436966927,1.964234239356678,720.2245808701914
2.4016722408026756,91.37822376617498,Supersonic,0.028092204999578752,10.61273500999363,0.014297923675265183,0.0018043870686989254,0.012493536606566257,1.964775140615494,720.0714278069322
2.419397993311037,92.73205140072895,Supersonic,0.0276820770786549,10.554365678663737,0.014085437681529117,0.00179459229788408,0.012290845383645038,1.9652976147809509,719.9235723129623
2.437123745819398,94.09583434081617,Supersonic,0.027280865433840642,10.49673995903297,0.013877728061782195,0.001784866482712052,0.012092861579070142,1.9658019895179586,719.7809133523468
2.454849498327759,95.46957258643675,Supersonic,0.0268883134698506,10.43984307184186,0.013674652667005661,0.0017752091978496826,0.011899443469155979,1.9662885869655022,719.6433519403323
2.4725752508361207,96.8532661375907,Supersonic,0.02650417375589626,10.383660635508154,0.013476074574583845,0.0017656200184820588,0.011710454556101786,1.9667577237872875,719.510791106943
2.4903010033444817,98.24691499427786,Supersonic,0.02612820763569295,10.32817865266924,0.013281861860788611,0.0017560985202803084,0.011525763340508303,1.9672097112250486,719.3831358607063
2.5080267558528426,99.65051915649839,Supersonic,0.02576018485669241,10.273383497271976,0.013091887384663731,0.0017466442793772634,0.011345243105286468,1.9676448551542491,719.260293152556
2.525752508361204,101.06407862425222,Supersonic,0.025399883217465592,10.219261902183947,0.012906028582664734,0.0017372568723503685,0.011168771710314366,1.9680634561419224,719.1421718399523
2.5434782608695654,102.48759339753937,Supersonic,0.025047088232226934,10.165800947301591,0.012724167273450007,0.0017279358762112501,0.010996231397238756,1.9684658095064254,719.0286826512564
2.5612040133779264,103.9210634763598,Supersonic,0.02470159281155468,10.11298804813201,0.012546189472257076,0.0017186808684013747,0.010827508603855701,1.9688522053788837,718.919738150395
2.5789297658862878,105.3644888607136,Supersonic,0.024363196958419535,10.060810944826384,0.012371985214332736,0.001709491426793297,0.010662493787539438,1.9692229287661274,718.815252701843
2.596655518394649,106.8178695506007,Supersonic,0.02403170747868872,10.00925769164427,0.012201448386918688,0.001700367129697003,0.010501081257221686,1.9695782596149312,718.7151424359513
2.61438127090301,108.28120554602108,Supersonic,0.02370693770532272,9.958316646828939,0.012034476569324694,0.0016913075558708886,0.010343169013453805,1.9699184728773809,718.6193252146447
2.632107023411371,109.75449684697479,Supersonic,0.023388707235529757,9.907976462875133,0.011870970880649827,0.0016823122845369461,0.010188658596112881,1.9702438385772065,718.5277205975086
2.6498327759197324,111.23774345346183,Supersonic,0.023076841680186734,9.858226077171484,0.011710835834738977,0.001673380895399768,0.010037454939339208,1.9705546218769188,718.4402498082858
2.667558528428094,112.73094536548217,Supersonic,0.022771172424876855,9.809054703000745,0.01155397920198635,0.001664512968668974,0.009889466233317377,1.9708510831456278,718.3568357017962
2.6852842809364548,114.2341025830358,Supersonic,0.022471536401932377,9.760451820881924,0.011400311877621151,0.0016557080850847295,0.009744603792536421,1.9711334780273928,718.2774027312976
2.7030100334448157,115.74721510612278,Supersonic,0.022177775872907177,9.71240717023914,0.011249747756132073,0.0016469658259460121,0.009602781930186061,1.9714020575099913,718.2018769162939
2.7207357859531776,117.2702829347431,Supersonic,0.021889738220937212,9.664910741382839,0.011102203611507506,0.0016382857731413291,0.009463917838366177,1.9716570679939933,718.1301858108075
2.7384615384615385,118.80330606889666,Supersonic,0.02160727575247862,9.617952767789703,0.010957598982987333,0.0016296675091815953,0.009327931473805737,1.9718987513620345,718.0622584721175
2.7561872909698995,120.34628450858358,Supersonic,0.02133024550794235,9.571523718668276,0.010815856066039773,0.0016211106172349017,0.00919474544880487,1.9721273450481873,717.998025429978
2.7739130434782613,121.89921825380385,Supersonic,0.021058509080772253,9.525614291797979,0.010676899608293459,0.0016126146811629306,0.00906428492713053,1.9723430821073475,717.9374186563163
2.7916387959866222,123.46210730455736,Supersonic,0.020791932444538884,9.480215406629782,0.010540656810170268,0.0016041792855587844,0.008936477524611484,1.9725461912845468,717.8803715354173
2.809364548494983,125.03495166084419,Supersonic,0.020530385787645735,9.435318197637365,0.01040705722997906,0.0015958040157860057,0.008811253214193054,1.972736897084119,717.8268188345992
2.827090301003344,126.61775132266435,Supersonic,0.020273743355267403,9.390914007908211,0.010276032693244192,0.0015874884580185955,0.008688544235225597,1.9729154198386347,717.7766966753811
2.844816053511706,128.21050629001786,Supersonic,0.02002188329816016,9.346994382964454,0.010147517206055143,0.001579232199281841,0.008568285006773303,1.973081975777569,717.7299425051422
2.862541806020067,129.81321656290464,Supersonic,0.01977468752800565,9.303551064803935,0.010021446872235893,0.0015710348274937773,0.008450412044742115,1.9732367770956114,717.6864950692743
2.880267558528428,131.42588214132476,Supersonic,0.019532041578966965,9.260575986152292,0.009897759814143798,0.0015628959315071213,0.008334863882636677,1.9733800320205666,717.6462943838328
2.8979933110367897,133.04850302527822,Supersonic,0.019293834475154172,9.218061264917335,0.009776396096918114,0.0015548151011515392,0.008221580995766574,1.973511944880825,717.6092817086711
2.9157190635451506,134.68107921476494,Supersonic,0.019059958603712675,9.17599919883747,0.00965729765600855,0.0015467919272760995,0.00811050572873245,1.973632716172314,717.5753995210724
2.9334448160535116,136.32361070978493,Supersonic,0.01883030959326339,9.134382260316153,0.009540408227823155,0.0015388260017917888,0.008001582226031366,1.9737425426249209,717.5445914898647
2.9511705685618725,137.9760975103383,Supersonic,0.018604786197438473,9.093203091434923,0.009425673283343957,0.0015309169177139758,0.00789475636562998,1.9738416172683244,717.5168024500255
2.9688963210702344,139.63853961642502,Supersonic,0.018383290183269868,9.052454499137733,0.009313039964566602,0.0015230642692047156,0.007789975695361886,1.973930129497234,717.4919783777586
2.9866220735785953,141.310937028045,Supersonic,0.018165726224200953,9.012129450579785,0.009202457023628471,0.0015152676516147967,0.007687189372013675,1.9740082651359474,717.4700663660618
3.0043478260869563,142.9932897451983,Hypersonic,0.017952001797503697,8.972221068634228,0.009093874764496343,0.0015075266615254348,0.0075863481029709075,1.9740762065022737,717.4510146007538
3.022073578595318,144.68559776788496,Hypersonic,0.0177420270858953,8.932722627550548,0.008987244987092299,0.001499840896789542,0.007487404090302756,1.9741341324707218,717.43477233698
3.039799331103679,146.38786109610487,Hypersonic,0.017535714883158922,8.89362754875862,0.008882520933742344,0.0014922099565724903,0.007390310977169853,1.9741822185349867,717.421289876176
3.05752508361204,148.1000797298581,Hypersonic,0.01733298050358333,8.854929396812725,0.00877965723783864,0.001484633441392297,0.0072950237964463415,1.974220636869684,717.4105185434922
3.075250836120401,149.82225366914466,Hypersonic,0.017133741695045897,8.816621875470132,0.008678609874611918,0.0014771109531591822,0.007201498921452735,1.9742495563913187,717.4024106656698
3.092976588628763,151.55438291396453,Hypersonic,0.016937918555572414,8.778698823898933,0.00857933611391588,0.0014696420952144322,0.007109694018701447,1.9742691428184893,717.3969195493643
3.1107023411371237,153.29646746431771,Hypersonic,0.01674543345321563,8.741154213010287,0.0084817944749307,0.0014622264723685278,0.007019568002562171,1.9742795587312845,717.3939994599106
3.1284280936454847,155.04850732020424,Hypersonic,0.016556210949102517,8.70398214191018,0.008385944682697261,0.0014548636909384831,0.006931080991758778,1.974280963629892,717.393605600522
3.1461538461538465,156.8105024816241,Hypersonic,0.016370177723507923,8.667176834466272,0.00829174762639859,0.0014475533587843669,0.006844194267614222,1.9742735139923804,717.3956940919212
3.1638795986622075,158.58245294857718,Hypersonic,0.016187262504819253,8.630732635985378,0.008199165319308874,0.0014402950853449612,0.0067588702339639135,1.9742573633316756,717.4002219523892
3.1816053511705684,160.36435872106358,Hypersonic,0.016007396001263677,8.594644009997484,0.008108160860334775,0.0014330884816725366,0.0066750723786622385,1.97423266225169,717.4071470782362
3.1993311036789303,162.15621979908343,Hypersonic,0.01583051083527588,8.55890553514227,0.008018698397077313,0.0014259331604667067,0.0065927652366106065,1.9741995585026424,717.4164282246757
3.217056856187291,163.95803618263648,Hypersonic,0.01565654148039021,8.523511902154365,0.00793074309034642,0.001418828736107351,0.006511914354239068,1.9741581970355215,717.4280249871078
3.234782608695652,165.76980787172283,Hypersonic,0.015485424200546782,8.488457910943643,0.007844261080063364,0.0014117748246865777,0.006432486255376786,1.9741087200557192,717.4418977827961
3.252508361204013,167.59153486634253,Hypersonic,0.01531709699170672,8.453738467767069,0.007759219452489723,0.0014047710440397143,0.006354448408450009,1.9740512670758241,717.4580078329342
3.270234113712375,169.4232171664956,Hypersonic,0.015151499525676633,8.419348582488775,0.007675586208724477,0.0013978170137753153,0.006277769194949162,1.9739859749675717,717.4763171450968
3.287959866220736,171.26485477218185,Hypersonic,0.014988573096047262,8.385283365925105,0.0075933302344136575,0.0013909123553041748,0.006202417879109482,1.9739129780129536,717.4967884960679
3.305685618729097,173.1164476834015,Hypersonic,0.014828260566155863,8.351538027271577,0.007512421270619693,0.001384056691867332,0.006128364578752362,1.9738324079544984,717.5193854150355
3.3234113712374587,174.97799590015453,Hypersonic,0.014670506318986249,8.31810787160882,0.007432829885800294,0.0013772496485630764,0.006055580237237218,1.9737443940447013,717.5440721671545
3.3411371237458196,176.84949942244074,Hypersonic,0.014515256208924465,8.284988297484643,0.007354527448848925,0.0013704908523729403,0.005984036596475985,1.9736490630946362,717.570813737463
3.3588628762541806,178.7309582502603,Hypersonic,0.01436245751529186,8.252174794569513,0.007277486103151357,0.001363779932186678,0.005913706170964679,1.9735465395217326,717.5995758151487
3.3765886287625415,180.6223723836132,Hypersonic,0.014212058897581268,8.219662941382849,0.007201678741614994,0.0013571165188262428,0.005844562222788751,1.973436945396731,717.6303247781606
3.3943143812709033,182.52374182249946,Hypersonic,0.014064010352325214,8.187448403087654,0.007127078982629591,0.001350500245068751,0.00577657873756084,1.9733204004898215,717.663027678156
3.4120401337792643,184.43506656691895,Hypersonic,0.013918263171528564,8.15552692935105,0.007053661146920076,0.0013439307456684518,0.0057097304012516245,1.973197022315973,717.6976522257788
3.4297658862876252,186.35634661687175,Hypersonic,0.013774769902601014,8.123894352268435,0.006981400235253957,0.0013374076573776964,0.005643992577876261,1.9730669261794498,717.7341667762614
3.447491638795987,188.287581972358,Hypersonic,0.013633484309727998,8.092546584349058,0.0069102719069675765,0.0013309306189669252,0.005579341288000652,1.9729302252175425,717.7725403153447
3.465217391304348,190.22877263337742,Hypersonic,0.013494361336621274,8.061479616560886,0.006840252459277187,0.0013244992712436753,0.0055157531880335115,1.9727870304434976,717.8127424455095
3.482943143812709,192.17991859993015,Hypersonic,0.013357357070593014,8.030689516432698,0.006771318807342254,0.001318113257070619,0.005453205550271635,1.972637450788672,717.8547433725112
3.50066889632107,194.14101987201622,Hypersonic,0.01322242870790018,8.000172426211506,0.006703448465050137,0.0013117722213826456,0.005391676243667491,1.9724815931439081,717.8985138922177
3.5183946488294318,196.11207644963577,Hypersonic,0.013089534520307889,7.969924561073354,0.0066366195264924484,0.0013054758112030001,0.005331143715289448,1.9723195624001517,717.9440253777344
3.5361204013377927,198.09308833278843,Hypersonic,0.012958633822823152,7.939942207385756,0.0065708106481050035,0.0012992236756584903,0.005271586972446513,1.9721514614882978,717.9912497668226
3.5538461538461537,200.08405552147443,Hypersonic,0.012829686942552286,7.910221721019961,0.006506001031444274,0.001293015465993772,0.005212985565450502,1.9719773914183056,718.0401595495931
3.5715719063545155,202.08497801569382,Hypersonic,0.012702655188637594,7.880759525711433,0.0064421704065747805,0.0012868508355847333,0.005155319570990047,1.971797451317565,718.090727756478
3.5892976588628764,204.09585581544647,Hypersonic,0.012577500823230772,7.851552111466918,0.006379299016042794,0.0012807294399509908,0.0050985695760918034,1.9716117384685385,718.1429279464712
3.6070234113712374,206.11668892073237,Hypersonic,0.012454187033462296,7.82259603301654,0.006317367599412892,0.0012746509367675069,0.005042716662645385,1.9714203483456834,718.1967341956321
3.6247491638795983,208.1474773315516,Hypersonic,0.012332677904368006,7.793887908309453,0.006256357378344995,0.0012686149858753579,0.0049877423924696365,1.9712233746516556,718.2521210858495
3.64247491638796,210.18822104790436,Hypersonic,0.012212938392735689,7.7654244170516105,0.006196250042190411,0.00126262124929165,0.004933628792898761,1.9710209093528355,718.3090636938537
3.660200668896321,212.23892006979028,Hypersonic,0.012094934301836148,7.73720229928429,0.00613702773408653,0.0012566693912186221,0.004880358342867908,1.9708130427141415,718.3675375804804
3.677926421404682,214.29957439720945,Hypersonic,0.011978632257004585,7.709218354002013,0.006078673037530457,0.0012507590780519294,0.0048279139594785275,1.970599863333177,718.4275187801745
3.695652173913044,216.37018403016205,Hypersonic,0.011863999682039945,7.681469437808614,0.006021168963412983,0.0012448899783881453,0.004776278985024838,1.9703814581737076,718.488983790729
3.713377926421405,218.45074896864784,Hypersonic,0.011751004776390976,7.653952463610236,0.005964498937495002,0.0012390617630314864,0.0047254371744635155,1.9701579125984752,718.551909563258
3.731103678929766,220.541269212667,Hypersonic,0.011639616493099096,7.626664399344013,0.005908646788309151,0.0012332741049997792,0.0046753726833093714,1.9699293104013669,718.6162734923954
3.7488294314381267,222.64174476221942,Hypersonic,0.01152980451746967,7.599602266741384,0.005853596735470425,0.001227526679529694,0.004626070055940731,1.969695733838945,718.6820534067141
3.7665551839464886,224.7521756173054,Hypersonic,0.011421539246444174,7.572763140124843,0.005799333378379981,0.0012218191640812534,0.004577514214298728,1.9694572636613505,718.7492275593615
3.7842809364548495,226.8725617779245,Hypersonic,0.011314791768647216,7.546144145237166,0.0057458416853072335,0.001216151238341642,0.0045296904469655916,1.9692139791425889,718.8177746189089
3.8020066889632105,229.0029032440769,Hypersonic,0.011209533845083086,7.519742458101991,0.005693106982835743,0.0012105225842283284,0.004482584398607415,1.9689659581102064,718.8876736604058
3.8197324414715723,231.14320001576266,Hypersonic,0.011105737890457998,7.493555303914864,0.005641114945659294,0.0012049328858915196,0.004436182059767774,1.968713276974369,718.9589041566386
3.8374581939799333,233.29345209298165,Hypersonic,0.011003376955104829,7.467579955963727,0.005589851586714853,0.001199381829715969,0.004390469756998884,1.9684560107563602,719.0314459695853
3.855183946488294,235.45365947573396,Hypersonic,0.010902424707488251,7.441813734577972,0.00553930324763985,0.0011938691043221483,0.004345434143317702,1.9681942331164997,719.1052793420647
3.872909698996655,237.62382216401963,Hypersonic,0.010802855417269093,7.41625400610517,0.005489456589541699,0.0011883944005668084,0.00430106218897489,1.9679280163814896,719.1803848895759
3.890635451505017,239.80394015783875,Hypersonic,0.01070464393890759,7.390898181914624,0.005440298584067911,0.0011829574115429398,0.004257341172524971,1.9676574315712163,719.2567435923199
3.908361204013378,241.99401345719107,Hypersonic,0.010607765695786,7.365743717426915,0.005391816504765763,0.001177557832579157,0.004214258672186606,1.967382548424992,719.3343367874056
3.926086956521739,244.1940420620766,Hypersonic,0.010512196664831837,7.3407881111686635,0.005343997918720781,0.0011721953612385142,0.0041718025574822674,1.9671034354272714,719.4131461612296
3.9438127090301007,246.40402597249562,Hypersonic,0.010417913361623829,7.31602890385172,0.005296830678463897,0.0011668696973167803,0.004129960981147116,1.9668201598328356,719.4931537420296
3.9615384615384617,248.6239651884478,Hypersonic,0.010324892825963352,7.291463677476084,0.005250302914137464,0.0011615805428401842,0.00408872237129728,1.9665327876914618,719.5743418926066
3.9792642140468226,250.85385970993335,Hypersonic,0.010233112607894699,7.267090054455784,0.005204403025910697,0.0011563276020626419,0.0040480754238480555,1.9662413838720818,719.6566933032132
3.9969899665551845,253.09370953695228,Hypersonic,0.010142550754158418,7.242905696767087,0.005159119676635576,0.0011511105814624926,0.004008009095173084,1.9659460120864447,719.7401909846004
4.014715719063545,255.34351466950454,Hypersonic,0.010053185795062387,7.2189083051183225,0.005114441784734504,0.0011459291897387535,0.00396851259499575,1.9656467349122946,719.8248182612246
4.032441471571906,257.60327510759,Hypersonic,0.009964996731755965,7.195095618140716,0.0050703585173114615,0.0011407831378069063,0.003929575379504555,1.9653436138160634,719.9105587646059
4.050167224080267,259.8729908512087,Hypersonic,0.009877963023893165,7.171465411599586,0.005026859283478645,0.001135672138794239,0.0038911871446844055,1.9650367091750975,719.9973964268394
4.067892976588629,262.15266190036095,Hypersonic,0.009792064577671306,7.148015497625332,0.004983933727890977,0.0011305959080347508,0.0038533378198562264,1.9647260802994182,720.0853154742518
4.08561872909699,264.4422882550464,Hypersonic,0.00970728173423216,7.124743723963597,0.004941571724481098,0.0011255541630636396,0.0038160175614174586,1.9644117854530376,720.1743004212019
4.103344481605351,266.7418699152651,Hypersonic,0.009623595258413015,7.101647973244077,0.004899763370387783,0.0011205466236113859,0.0037792167467763965,1.9640938818748248,720.2643360640202
4.121070234113713,269.0514068810172,Hypersonic,0.009540986327835782,7.078726162267426,0.004858498980071031,0.0011155730115974458,0.003742925968473586,1.9637724257989435,720.3554074750879
4.138795986622074,271.3708991523026,Hypersonic,0.009459436522322423,7.055976241309717,0.004817769079607275,0.001110633051123571,0.0037071360284837043,1.9634474724748572,720.447499997047
4.156521739130435,273.70034672912135,Hypersonic,0.009378927813625747,7.033396193443998,0.004777564401158483,0.0011057264684667658,0.003671837932691717,1.963119076186918,720.5405992371444
4.174247491638796,276.03974961147327,Hypersonic,0.009299442555464742,7.01098403387838,0.004737875877609066,0.001100852992071898,0.0036370228855371676,1.9627872902735553,720.6346910616993
4.1919732441471576,278.38910779935867,Hypersonic,0.009220963473854276,6.988737809310261,0.004698694637364905,0.0010960123525439744,0.003602682284820931,1.9624521671460486,720.7297615906999
4.2096989966555185,280.74842129277727,Hypersonic,0.00914347365771922,6.966655597296186,0.004660011999308843,0.0010912042826400987,0.0035688077166687437,1.9621137583069206,720.8257971925182
4.2274247491638794,283.11769009172923,Hypersonic,0.009066956549783456,6.9447355056368965,0.004621819467907333,0.001086428517261117,0.0035353909506462156,1.9617721143679356,720.9227844787468
4.245150501672241,285.4969141962145,Hypersonic,0.008991395937724652,6.922975671777159,0.004584108728463099,0.001081684793442972,0.0035024239350201266,1.9614272850677283,721.0207102991502
4.262876254180602,287.8860936062332,Hypersonic,0.008916775945585957,6.901374262219959,0.004546871642508839,0.0010769728503477725,0.003469898792161066,1.9610793192890585,721.1195617367297
4.280602006688963,290.28522832178504,Hypersonic,0.008843081025436112,6.879929471954637,0.004510100243337227,0.0010722924292545918,0.003437807814082635,1.9607282650757043,721.2193261029001
4.298327759197324,292.6943183428702,Hypersonic,0.008770295949269823,6.858639523898599,0.004473786731662616,0.0010676432735500078,0.003406143458112608,1.9603741696490018,721.3199909327747
4.316053511705686,295.1133636694888,Hypersonic,0.008698405801140497,6.837502668352216,0.004437923471410032,0.0010630251287183955,0.0033748983426916367,1.960017079424042,721.421543980554
4.333779264214047,297.5423643016406,Hypersonic,0.008627395969517787,6.816517182466552,0.004402502985627251,0.0010584377423319832,0.0033440652432952674,1.959657040025514,721.5239732150222
4.351505016722408,299.98132023932567,Hypersonic,0.008557252139862564,6.795681369723565,0.004367517952515788,0.0010538808640406813,0.0033136370884751065,1.9592940963032321,721.6272668151403
4.36923076923077,302.43023148254423,Hypersonic,0.008487960287412374,6.77499355942843,0.004332961201576958,0.0010493542455616998,0.003283606956015258,1.9589282923473275,721.7314131657389
4.386956521739131,304.88909803129604,Hypersonic,0.008419506670170508,6.754452106213686,0.00429882570986916,0.001044857640668959,0.003253968069200201,1.9585596715031197,721.8364008533097
4.404682274247492,307.3579198855811,Hypersonic,0.008351877822092171,6.734055389554838,0.004265104598372746,0.0010403908051823069,0.003224713793190439,1.9581882763856813,721.9422186618875
4.4224080267558525,309.83669704539943,Hypersonic,0.008285060546461446,6.713801813297137,0.004231791128458961,0.0010359534969565515,0.00319583763150241,1.9578141488940912,722.0488555690275
4.440133779264214,312.3254295107513,Hypersonic,0.008219041909452978,6.693689805193241,0.004198878698459577,0.0010315454758703193,0.003167333222589258,1.9574373302253907,722.1563007418697
4.457859531772575,314.8241172816363,Hypersonic,0.008153809233872508,6.673717816451432,0.004166360840333939,0.00102716650381475,0.0031391943365191885,1.9570578608882496,722.2645435332915
4.475585284280936,317.3327603580546,Hypersonic,0.00808935009307056,6.653884321294135,0.004134231216430277,0.0010228163446820296,0.003111414871748247,1.9566757807163362,722.3735734781477
4.493311036789298,319.8513587400063,Hypersonic,0.008025652305023927,6.634187816526465,0.004102483616338275,0.0010184947643537832,0.0030839888519844923,1.9562911288814182,722.4833802895912
4.511036789297659,322.3799124274913,Hypersonic,0.007962703926579582,6.61462682111451,0.004071111953829953,0.001014201530689324,0.003056910423140629,1.9559039439061758,722.5939538554786
4.52876254180602,324.91842142050956,Hypersonic,0.007900493247856003,6.595199875773128,0.004040110263886033,0.0010099364135137748,0.0030301738503722584,1.9555142636767566,722.7052842348527
4.546488294314381,327.4668857190611,Hypersonic,0.007839008786796994,6.575905542562969,0.004009472699805103,0.0010056991846060638,0.0030037735151990388,1.9551221254550608,722.8173616545043
4.564214046822743,330.02530532314614,Hypersonic,0.007778239283873274,6.5567424044965215,0.003979193530392926,0.0010014896176868111,0.002977703912706115,1.9547275658907723,722.9301765056097
4.581939799331104,332.5936802327643,Hypersonic,0.007718173696927288,6.53770906515291,0.003949267137229408,0.0009973074884061062,0.002951959648823302,1.954330621033132,723.0437193404433
4.599665551839465,335.1720104479158,Hypersonic,0.00765880119615677,6.5188041483012436,0.003919688012010712,0.000993152574331183,0.002926535437679529,1.95393132634247,723.1579808691617
4.6173913043478265,337.7602959686007,Hypersonic,0.007600111159232893,6.500026297532271,0.0038904507539642497,0.000989024654934008,0.002901426099030242,1.9535297167014936,723.2729519566593
4.6351170568561875,340.3585367948189,Hypersonic,0.007542093166548844,6.481374175898151,0.0038615500673342255,0.0009849235115787832,0.0028766265557554423,1.953125826426339,723.3886236194921
4.652842809364548,342.9667329265704,Hypersonic,0.0074847369965948506,6.462846465560113,0.0038329807589355556,0.0009808489275093658,0.00285213183142619,1.9527196892773895,723.504987022872
4.67056856187291,345.5848843638553,Hypersonic,0.007428032621455856,6.444441867443805,0.0038047377357740423,0.000976800687836622,0.00282793704793742,1.9523113384698734,723.6220334777228
4.688294314381271,348.21299110667337,Hypersonic,0.0073719702024281275,6.42615910090215,0.0037768160027307806,0.0009727785795257128,0.002804037423205068,1.951900806684232,723.7397544378051
4.706020066889632,350.8510531550248,Hypersonic,0.007316540085751208,6.407996903385491,0.0037492106603087905,0.000968782391383322,0.0027804282689254684,1.9514881260762784,723.8581414969011
4.723745819397994,353.49907050890954,Hypersonic,0.007261732798451781,6.38995403011887,0.0037219169024400043,0.0009648119140448297,0.0027571049883951745,1.95107332828714,723.9771863860623
4.741471571906355,356.1570431683276,Hypersonic,0.007207539044296085,6.372029253786249,0.003694930014350753,0.00096086693996144,0.002734063074389313,1.9506564444529926,724.0968809709173
4.759197324414716,358.824971133279,Hypersonic,0.007153949699847661,6.35422136422148,0.0036682453704839774,0.0009569472633872671,0.0027112981070967104,1.9502375052145955,724.217217249038
4.776923076923077,361.5028544037636,Hypersonic,0.0071009558106273196,6.336529168105894,0.0036418584324764474,0.0009530526803663847,0.002688805752110063,1.9498165407266261,724.3381873473633
4.794648829431439,364.1906929797817,Hypersonic,0.007048548587372266,6.3189514886723,0.003615764747189333,0.0009491829887198438,0.0026665817584694894,1.9493935806668181,724.4597835196789
4.8123745819398,366.888486861333,Hypersonic,0.0069967194023915534,6.301487165415275,0.003589959944790537,0.000945337988032666,0.0026446219567578706,1.9489686542449127,724.5819981441518
4.830100334448161,369.59623604841755,Hypersonic,0.006945459786014933,6.284135053807557,0.003564439736887212,0.0009415174796408158,0.002622922257246396,1.9485417902114206,724.704823720919
4.847826086956522,372.31394054103555,Hypersonic,0.006894761423132467,6.266894025022409,0.003539199914706995,0.0009377212666181544,0.0026014786480888404,1.948113016866207,724.8282528697258
4.865551839464883,375.0416003391868,Hypersonic,0.006844616149822216,6.249762965661802,0.0035142363473265065,0.0009339491537633862,0.0025802871935631205,1.9476823620668917,724.9522783276193
4.883277591973244,377.77921544287136,Hypersonic,0.006795015950063449,6.232740777490269,0.0034895449799456973,0.0009302009475869925,0.002559344032358705,1.94724985323708,725.0768929466883
4.901003344481606,380.52678585208935,Hypersonic,0.006745952952532927,6.215826377174304,0.0034651218322067153,0.0009264764562981665,0.0025386453759085486,1.9468155173744237,725.2020896918536
4.918729096989967,383.28431156684053,Hypersonic,0.006697419427481858,6.199018696027157,0.003440962996555972,0.0009227754897917472,0.0025181875067642246,1.9463793810585126,725.3278616387042
4.936454849498328,386.05179258712496,Hypersonic,0.006649407783691194,6.182316679758905,0.003417064636648153,0.0009190978596351603,0.002497966777012993,1.9459414704586016,725.4542019713836
4.954180602006689,388.82922891294277,Hypersonic,0.006601910565503066,6.165719288231661,0.003393422985790935,0.0009154433790553642,0.002477979606735571,1.945501811341182,725.5811039805171
4.971906354515051,391.6166205442939,Hypersonic,0.006554920449926165,6.149225495219809,0.003370034345429238,0.0009118118629258128,0.0024582224825034256,1.9450604290773987,725.7085610611861
4.989632107023412,394.4139674811783,Hypersonic,0.006508430243812972,6.132834288175143,0.003346895083667878,0.0009082031277534311,0.0024386919559144468,1.9446173486503058,725.8365667109451
5.007357859531773,397.22126972359615,Hypersonic,0.006462432881106816,6.116544667996774,0.003324001633831478,0.0009046169916656127,0.0024193846421658653,1.9441725946619832,725.965114527881
5.0250836120401345,400.0385272715473,Hypersonic,0.006416921420156788,6.1003556488057225,0.003301350493060616,0.0009010532743972357,0.0024002972186633804,1.9437261913404984,726.0941982087146
5.0428093645484955,402.86574012503166,Hypersonic,0.006371889041098602,6.084266257724056,0.003278938220943123,0.0008975117972777107,0.0023814264236654125,1.943278162546732,726.2238115469405
5.060535117056856,405.7029082840494,Hypersonic,0.006327329043299568,6.068275534658485,0.0032567614381795607,0.000893992383218052,0.0023627690549615087,1.9428285317810596,726.3539484310089
5.078260869565217,408.5500317486003,Hypersonic,0.00628323484286588,6.052382532088304,0.0032348168252819,0.0008904948566979821,0.002344321968583918,1.9423773221898968,726.4846028425452
5.095986622073579,411.4071105186847,Hypersonic,0.006239599970210485,6.036586314857562,0.003213101121304439,0.0008870190437530717,0.0023260820775513674,1.941924556572114,726.6157688546051
5.11371237458194,414.2741445943023,Hypersonic,0.006196418067679893,6.020885959971406,0.003191611122606095,0.0008835647719619177,0.0023080463506441776,1.9414702573853162,726.7474406299709
5.131438127090301,417.15113397545326,Hypersonic,0.0061536828872382245,6.005280556396434,0.0031703436816431295,0.0008801318704333553,0.002290211811209774,1.9410144467519959,726.8796124194803
5.149163879598663,420.03807866213765,Hypersonic,0.006111388288207019,5.989769204865036,0.0031492957057915067,0.00087672016979372,0.0022725755359977867,1.9405571464655633,727.0122785603903
5.166889632107024,422.93497865435523,Hypersonic,0.0060695282350591954,5.974351017683579,0.0031284641561980285,0.0008733295021741477,0.002255134654023881,1.940098377996248,727.1454334747802
5.184615384615385,425.8418339521061,Hypersonic,0.006028096795265719,5.959025118544356,0.0031078460466594316,0.0008699597011979242,0.0022378863454615076,1.9396381624968884,727.2790716679808
5.202341137123746,428.7586445553902,Hypersonic,0.005987088137193559,5.943790642341244,0.0030874384425287177,0.0008666106019678828,0.0022208278405608348,1.9391765208085991,727.4131877270427
5.220066889632108,431.6854104642078,Hypersonic,0.005946496528053511,5.928646734988946,0.0030672384596479216,0.0008632820410538542,0.0022039564185940674,1.9387134734663214,727.5477763192342
5.237792642140469,434.6221316785587,Hypersonic,0.005906316331896556,5.913592553245756,0.0030472432633065986,0.0008599738564801661,0.0021872694068264323,1.9382490407042674,727.6828321905704
5.2555183946488295,437.5688081984428,Hypersonic,0.005866542007657442,5.898627264539765,0.003027450067225333,0.0008566858877131998,0.0021707641795121334,1.9377832424612522,727.818350164373
5.273244147157191,440.52544002386037,Hypersonic,0.005827168107244223,5.8837500467984185,0.00300785613256358,0.0008534179756490024,0.0021544381569145775,1.937316098385915,727.9543251398605
5.290969899665552,443.4920271548112,Hypersonic,0.005788189273672535,5.868960088281379,0.0029884587669511773,0.0008501699626009575,0.00213828880435022,1.9368476278418392,728.0907520907691
5.308695652173913,446.46856959129514,Hypersonic,0.005749600239243396,5.854256587416574,0.0029692553235428753,0.0008469416922875148,0.0021223136312553603,1.9363778499125668,728.227626063999
5.326421404682274,449.4550673333125,Hypersonic,0.005711395823763374,5.839638752639399,0.002950243200095265,0.0008437330098199809,0.002106510190275284,1.935906783406517,728.3649421782908
5.344147157190636,452.4515203808633,Hypersonic,0.005673570932806042,5.825105802234982,0.0029314198380655182,0.0008405437616903733,0.0020908760763751447,1.9354344468617994,728.5026956229297
5.361872909698997,455.4579287339473,Hypersonic,0.005636120556013576,5.810656964183453,0.0029127827217313215,0.0008373737957593385,0.002075408925971983,1.9349608585509381,728.6408816564744
5.379598662207358,458.47429239256473,Hypersonic,0.0055990397654374505,5.796291476008136,0.002894329377331456,0.0008342229612441341,0.002060106416087322,1.9344860364854919,728.7794956055152
5.39732441471572,461.5006113567155,Hypersonic,0.005562323713917249,5.782008584626624,0.002876057372226469,0.0008310911087066791,0.00204496626351979,1.9340099984205934,728.9185328634544
5.415050167224081,464.5368856263994,Hypersonic,0.005525967633496539,5.767807546204643,0.00285796431407889,0.0008279780900416701,0.0020299862240372194,1.933532761859392,729.0579888893135
5.432775919732442,467.58311520161664,Hypersonic,0.005489966833874868,5.753687626012667,0.00284004785005249,0.0008248837584647683,0.0020151640915877216,1.9330543440574082,729.1978592065642
5.450501672240803,470.6393000823672,Hypersonic,0.005454316700894953,5.7396480982852145,0.002822305666030069,0.0008218079685008541,0.002000497697529215,1.9325747620268012,729.3381394019849
5.4682274247491645,473.70544026865116,Hypersonic,0.005419012695064137,5.72568824608277,0.0028047354858492845,0.000818750575972353,0.0019859849098769317,1.9320940325405551,729.4788251245375
5.485953177257525,476.7815357604684,Hypersonic,0.005384050350109231,5.711807361156264,0.0027873350705560442,0.0008157114379876355,0.0019716236325684087,1.931612172136581,729.6199120842698
5.503678929765886,479.867586557819,Hypersonic,0.005349425271563885,5.698004743814081,0.0027701022176750125,0.000812690412929486,0.0019574118047455263,1.931129197121735,729.7613960512394
5.521404682274248,482.963592660703,Hypersonic,0.005315133135387651,5.684279702791495,0.002753034760496764,0.0008096873604436465,0.0019433474000531176,1.9306451235757647,729.9032728544579
5.539130434782609,486.0695540691201,Hypersonic,0.005281169686615944,5.670631555122545,0.002736130567381187,0.0008067021414274354,0.0019294284259537516,1.9301599673551662,730.045538380859
5.55685618729097,489.1854707830706,Hypersonic,0.005247530738040073,5.657059626014225,0.0027193875410766607,0.0008037346180184385,0.0019156529230582222,1.9296737440969776,730.1881885742861
5.574581939799331,492.31134280255424,Hypersonic,0.005214212168916634,5.643563248723002,0.0027028036180546536,0.0008007846535832775,0.0019020189644713764,1.929186469222492,730.3312194344993
5.592307692307693,495.4471701275715,Hypersonic,0.005181209923705472,5.630141764433573,0.002686376767859313,0.0007978521127064545,0.0018885246551528583,1.928698157940895,730.4746270162052
5.610033444816054,498.5929527581219,Hypersonic,0.005148520010835535,5.61679452213983,0.0026701049924716664,0.0007949368611792706,0.0018751681312923958,1.92820882525284,730.6184074281035
5.627759197324415,501.74869069420566,Hypersonic,0.005116138501497861,5.603520878527974,0.0026539863256880587,0.0007920387659888232,0.0018619475596992354,1.927718485953946,730.7625568319528
5.645484949832777,504.9143839358228,Hypersonic,0.005084061528465087,5.590320197861753,0.002638018832512479,0.0007891576953070817,0.0018488611372053973,1.9272271546382287,730.9070714416582
5.6632107023411375,508.0900324829732,Hypersonic,0.005052285284936762,5.577191851869758,0.002622200608562394,0.0007862935184800384,0.0018359070900823553,1.9267348457014688,731.0519475223732
5.6809364548494985,511.2756363356568,Hypersonic,0.005020806023409845,5.564135219634737,0.0026065297794877697,0.0007834461060169384,0.0018230836734708313,1.926241573344512,731.1971813896212
5.69866220735786,514.4711954938739,Hypersonic,0.004989620054573754,5.5511496874849025,0.002591004500402936,0.000780615329579591,0.0018103891708233452,1.9257473515765027,731.3427694084353
5.716387959866221,517.6767099576241,Hypersonic,0.004958723746229373,5.538234648887168,0.002575622955330977,0.000777801061971754,0.0017978218933592234,1.925252194218062,731.4887079925142
5.734113712374582,520.8921797269077,Hypersonic,0.004928113522231409,5.525389504342286,0.0025603833566603226,0.0007750031771286021,0.0017853801795317207,1.9247561149043997,731.6349936033937
5.751839464882943,524.1176048017247,Hypersonic,0.004897785861453513,5.512613661281841,0.002545283944613246,0.0007722215501062729,0.001773062394506973,1.9242591270883642,731.7816227496377
5.769565217391305,527.352985182075,Hypersonic,0.004867737296775657,5.499906533967074,0.002530322986725963,0.0007694560570714918,0.001760866929654471,1.9237612440434422,731.9285919860412
5.787290969899666,530.5983208679586,Hypersonic,0.004837964414093158,5.487267543389477,0.0025154987773400523,0.0007667065752912759,0.0017487922020487765,1.9232624788666906,732.075897912853
5.805016722408027,533.8536118593754,Hypersonic,0.004808463851346865,5.474696117173136,0.002500809637104898,0.0007639729831227195,0.0017368366539821786,1.9227628444816214,732.2235371750098
5.822742474916389,537.1188581563258,Hypersonic,0.0047792322975739755,5.462191689478792,0.0024862539124909065,0.0007612551600028577,0.0017249987524880488,1.9222623536410244,732.3715064613891
5.84046822742475,540.3940597588091,Hypersonic,0.004750266491978997,5.449753700909571,0.002471829975313212,0.0007585529864386107,0.0017132769888746015,1.9217610189297418,732.5198025040731
5.858193979933111,543.6792166668259,Hypersonic,0.00472156322302434,5.43738159841835,0.0024575362222656206,0.0007558663439968068,0.0017016698782688136,1.9212588527673853,732.6684220776301
5.875919732441472,546.9743288803762,Hypersonic,0.0046931193275400965,5.425074835216738,0.0024433710744645367,0.0007531951152942867,0.00169017595917025,1.9207558674110075,732.8173619984063
5.893645484949833,550.2793963994596,Hypersonic,0.0046649316898525394,5.412832870685636,0.00242933297700265,0.0007505391839880871,0.0016787937930145631,1.920252074957714,732.9666191238368
5.911371237458194,553.5944192240764,Hypersonic,0.004636997240930864,5.400655170287322,0.0024154203985121006,0.0007478984347657027,0.0016675219637463977,1.9197474873472358,733.1161903517637
5.929096989966555,556.9193973542264,Hypersonic,0.004609312957551785,5.388541205479067,0.002401631830736941,0.0007452727533354295,0.0016563590774015117,1.9192421163644457,733.2660726197718
5.946822742474917,560.2543307899099,Hypersonic,0.004581875861481513,5.376490453628216,0.0023879657881146314,0.0007426620264167874,0.0016453037616978442,1.9187359736418323,733.4162629045355
5.964548494983278,563.5992195311266,Hypersonic,0.004554683018674754,5.364502397928741,0.0023744208073663837,0.000740066141731022,0.0016343546656353617,1.9182290706619243,733.5667582211781
5.982274247491639,566.9540635778766,Hypersonic,0.0045277315384902655,5.352576527319194,0.002360995447096107,0.0007374849879916849,0.0016235104591044221,1.9177214187596692,733.7175556226447
6.0,570.3188629301598,Hypersonic,0.004501018572922634,5.340712336402061,0.002347688287397771,0.0007349184548952939,0.0016127698325024771,1.917213029124774,733.8686521990849
